"txid","ordertxid","pair","aclass","time","type","ordertype","price","cost","fee","vol","margin","misc","ledgers","posttxid","posstatuscode","cprice","ccost","cfee","cvol","cmargin","net","costusd","trades"
"T2N3SD-JR3VE-QDSP72","OZEA24-NJ5GH-RKFDHR","USDG/USD","forex","2025-07-10 01:00:35.4294","buy","limit",1.00010000,1.70017000,0.00000000,1.70000,0.00000000,"","LB6QBS-DEQAD-JXHIUY,LJXNNO-NDGMU-O42VGE","TKH2SE-M7IF5-CFI7LT","","","","","","","",1.70017000,""
"TSSGCO-EHEDO-NYH36M","OZEA24-NJ5GH-RKFDHR","USDG/USD","forex","2025-07-10 01:00:52.0464","buy","limit",1.00010000,167.01670000,0.00000000,167.00000,0.00000000,"","LNEUHW-NSG7Y-TVX6VL,L2YBRG-CDGVP-OTRRH2","TKH2SE-M7IF5-CFI7LT","","","","","","","",167.01670000,""
"TLLQQX-MMJAX-FKQSFA","OZEA24-NJ5GH-RKFDHR","USDG/USD","forex","2025-07-10 01:04:04.1353","buy","limit",1.00010000,1.00010000,0.00000000,1.00000,0.00000000,"","LUYLCE-W5IRQ-644P22,LVRF3J-CN64C-YMD76A","TKH2SE-M7IF5-CFI7LT","","","","","","","",1.00010000,""
"TFIZEI-HQCUY-NU3V4O","OZEA24-NJ5GH-RKFDHR","USDG/USD","forex","2025-07-10 01:04:45.9418","buy","limit",1.00010000,48.49484900,0.00000000,48.49000,0.00000000,"","L7A3GI-4JZHM-SFOXR3,L3VOML-VC7QX-4MKUSQ","TKH2SE-M7IF5-CFI7LT","","","","","","","",48.49484900,""
"TXI4RQ-HJUZU-UUDHLJ","OZEA24-NJ5GH-RKFDHR","USDG/USD","forex","2025-07-10 01:05:29.1393","buy","limit",1.00010000,1.00010000,0.00000000,1.00000,0.00000000,"","LXNC3X-RCLIV-HWAKE4,LF7A7Z-6SQOS-5UHOHL","TKH2SE-M7IF5-CFI7LT","","","","","","","",1.00010000,""
"TW5JVY-4WPJO-AYNVJO","OZEA24-NJ5GH-RKFDHR","USDG/USD","forex","2025-07-10 01:06:09.1635","buy","limit",1.00010000,1.00010000,0.00000000,1.00000,0.00000000,"","LQC4SF-K5JOZ-55BX2D,LU6HPA-YLN3K-XXYATA","TKH2SE-M7IF5-CFI7LT","","","","","","","",1.00010000,""
"TKXWYN-7ABCO-PFZH7U","OZEA24-NJ5GH-RKFDHR","USDG/USD","forex","2025-07-10 01:06:25.2493","buy","limit",1.00010000,2.00020000,0.00000000,2.00000,0.00000000,"","LMIHUW-DP6TM-6UF2JE,LHXZWZ-DEJ3N-SYXX2W","TKH2SE-M7IF5-CFI7LT","","","","","","","",2.00020000,""
"TLTVE5-4S3UV-C7G7EU","OZEA24-NJ5GH-RKFDHR","USDG/USD","forex","2025-07-10 01:08:14.7749","buy","limit",1.00010000,200.02000000,0.00000000,200.00000,0.00000000,"","LLQHH2-LMASD-DMHAMQ,LUC5RN-KO6HH-DVQZ5P","TKH2SE-M7IF5-CFI7LT","","","","","","","",200.02000000,""
"TEBTDE-YLOJS-B6XS3A","OZEA24-NJ5GH-RKFDHR","USDG/USD","forex","2025-07-10 01:10:04.8064","buy","limit",1.00010000,3.27032700,0.00000000,3.27000,0.00000000,"","L7UZNX-HVM5F-KONQNC,LQI7G2-ERUIS-LODMZ3","TKH2SE-M7IF5-CFI7LT","","","","","","","",3.27032700,""
"TYNVXF-PNCUY-2ZZA5B","OZEA24-NJ5GH-RKFDHR","USDG/USD","forex","2025-07-10 01:12:33.1736","buy","limit",1.00010000,0.99009900,0.00000000,0.99000,0.00000000,"","LSZL6B-IQH7X-2U4VMU,LI7C5P-BAPIC-I5YYEC","TKH2SE-M7IF5-CFI7LT","","","","","","","",0.99009900,""
"TXXZDZ-R43V5-FW6JTH","OZEA24-NJ5GH-RKFDHR","USDG/USD","forex","2025-07-10 01:18:43.4324","buy","limit",1.00010000,49.50495000,0.00000000,49.50000,0.00000000,"","LHSGX2-A5UN3-YA2SHS,L4R2EV-YOKWL-QJLQN5","TKH2SE-M7IF5-CFI7LT","","","","","","","",49.50495000,""
"TE6Z7K-BZEGQ-7B2A5I","OZEA24-NJ5GH-RKFDHR","USDG/USD","forex","2025-07-10 01:21:37.5966","buy","limit",1.00010000,19.80198000,0.00000000,19.80000,0.00000000,"","LXBCV6-G6HYN-S7VK2V,LNWXVO-WBARU-FTRZRS","TKH2SE-M7IF5-CFI7LT","","","","","","","",19.80198000,""
"TMO6TF-LPZXS-MHYDIW","OZEA24-NJ5GH-RKFDHR","USDG/USD","forex","2025-07-10 01:23:41.3678","buy","limit",1.00010000,19.80198000,0.00000000,19.80000,0.00000000,"","L5WGTI-LTP6T-U4FIVM,LZMQXH-SRFN2-DNQCL6","TKH2SE-M7IF5-CFI7LT","","","","","","","",19.80198000,""
"T4TX7V-SJAAI-3OJKT2","OZEA24-NJ5GH-RKFDHR","USDG/USD","forex","2025-07-10 01:24:42.2313","buy","limit",1.00010000,1.98019800,0.00000000,1.98000,0.00000000,"","LEPY5A-SGA3M-PUXLYA,L4EAMZ-T27VY-45TKBI","TKH2SE-M7IF5-CFI7LT","","","","","","","",1.98019800,""
"T3RQHZ-PKBIG-POYQYQ","OZEA24-NJ5GH-RKFDHR","USDG/USD","forex","2025-07-10 01:25:45.7293","buy","limit",1.00010000,1.49014900,0.00000000,1.49000,0.00000000,"","L2A4MC-7WOLK-HPT6DO,LDCMGY-GAHC2-R5WJ5P","TKH2SE-M7IF5-CFI7LT","","","","","","","",1.49014900,""
"TKHI2P-M75YV-R2JVDS","OZEA24-NJ5GH-RKFDHR","USDG/USD","forex","2025-07-10 01:26:41.2228","buy","limit",1.00010000,1.49014900,0.00000000,1.49000,0.00000000,"","LX4TES-ATDYS-BAI42Y,LBWC23-IHLKJ-JBCLI2","TKH2SE-M7IF5-CFI7LT","","","","","","","",1.49014900,""
"TAVA3O-66T7H-JIQX32","OZEA24-NJ5GH-RKFDHR","USDG/USD","forex","2025-07-10 01:28:11.2403","buy","limit",1.00010000,479.53794900,0.00000000,479.49000,0.00000000,"","LEDPJ3-7ROF2-WZZHWC,LFBBWW-NFLTM-MESZS6","TKH2SE-M7IF5-CFI7LT","","","","","","","",479.53794900,""
"TCRGMF-SK36R-GYHTBV","O74NAA-HN2YZ-64FW77","USDG/USD","forex","2025-07-10 20:06:30.0797","buy","limit",1.00010000,349.25544205,0.00000000,349.22052,0.00000000,"","LYMM53-G7ZOH-65HGH3,LGTEFX-MTKN2-55JQVT","TKH2SE-M7IF5-CFI7LT","","","","","","","",349.25544205,""
"TXPFS7-CLDVN-ZQV5IP","O74NAA-HN2YZ-64FW77","USDG/USD","forex","2025-07-10 20:06:37.5482","buy","limit",1.00010000,1.00010000,0.00000000,1.00000,0.00000000,"","L44Q7H-XMUS5-S6TG4U,LGJDRW-P4KNO-63335D","TKH2SE-M7IF5-CFI7LT","","","","","","","",1.00010000,""
"TL73KB-PGC5F-AY3MEF","O74NAA-HN2YZ-64FW77","USDG/USD","forex","2025-07-10 20:08:29.0999","buy","limit",1.00010000,149.79445795,0.00000000,149.77948,0.00000000,"","LRY6T3-QNKOO-NA36JO,L3ONQJ-GUKL6-7EO7VZ","TKH2SE-M7IF5-CFI7LT","","","","","","","",149.79445795,""
"TBRNET-INO4U-UGL4JN","OZ44DY-MH7W2-BHJYXY","USDG/USD","forex","2025-07-13 01:45:29.1015","sell","limit",1.00020000,38.43102467,0.00000000,38.42334,0.00000000,"","LPZOAP-LNDY7-OUGCFD,LJ6J7A-IUGHV-KQE5VV","TKH2SE-M7IF5-CFI7LT","","","","","","","",38.43102467,""
"TF3DWP-E4UVN-K655HA","OZ44DY-MH7W2-BHJYXY","USDG/USD","forex","2025-07-13 01:47:56.4214","sell","limit",1.00020000,202.04040000,0.00000000,202.00000,0.00000000,"","LQO57A-KHUYP-DTWYKH,LG4AOE-XXC4I-CUNREK","TKH2SE-M7IF5-CFI7LT","","","","","","","",202.04040000,""
"TAEKX6-7264A-Z745C5","OZ44DY-MH7W2-BHJYXY","USDG/USD","forex","2025-07-13 01:48:43.3078","sell","limit",1.00020000,4.00080000,0.00000000,4.00000,0.00000000,"","LJQMQA-R2WTE-R7IKBE,LLZOKG-BDM36-ZUXPEV","TKH2SE-M7IF5-CFI7LT","","","","","","","",4.00080000,""
"T4MV37-ZPXLC-CIWC6U","OZ44DY-MH7W2-BHJYXY","USDG/USD","forex","2025-07-13 01:51:55.4218","sell","limit",1.00020000,0.50010000,0.00000000,0.50000,0.00000000,"","LQWTVL-KBFYM-4HTIAN,LYTSP3-EZHDI-5SNQPB","TKH2SE-M7IF5-CFI7LT","","","","","","","",0.50010000,""
"T4V6ZA-5GKVZ-A4YI35","OZ44DY-MH7W2-BHJYXY","USDG/USD","forex","2025-07-13 01:52:52.2485","sell","limit",1.00020000,49.44988800,0.00000000,49.44000,0.00000000,"","LAAE5M-XT3SR-ZCSE4Z,LQLT5F-O3X6Q-QPWO32","TKH2SE-M7IF5-CFI7LT","","","","","","","",49.44988800,""
"T4WB62-QQWPC-UA3CXO","OZ44DY-MH7W2-BHJYXY","USDG/USD","forex","2025-07-13 01:53:23.6219","sell","limit",1.00020000,20.20404000,0.00000000,20.20000,0.00000000,"","LNHRGD-B42D7-FO2A5N,LXIAOI-PHV7Z-IU3UEZ","TKH2SE-M7IF5-CFI7LT","","","","","","","",20.20404000,""
"TQ4J7M-Q6CR4-BBJYBQ","OZ44DY-MH7W2-BHJYXY","USDG/USD","forex","2025-07-13 01:56:14.8232","sell","limit",1.00020000,1.00020000,0.00000000,1.00000,0.00000000,"","LCO3VK-2OWQG-J6ZDEX,LIUUVJ-QFMFH-WBTPD5","TKH2SE-M7IF5-CFI7LT","","","","","","","",1.00020000,""
"TZGWRK-XPQLJ-EOKVSW","OZ44DY-MH7W2-BHJYXY","USDG/USD","forex","2025-07-13 01:56:23.2208","sell","limit",1.00020000,32.00640000,0.00000000,32.00000,0.00000000,"","LIKFMP-27LSC-XQ3SEV,LC5I5H-UA2PP-VHGGRN","TKH2SE-M7IF5-CFI7LT","","","","","","","",32.00640000,""
"TOIR5I-XXCNL-UW2MCB","OPZJIW-ONZRG-HITZGN","USDG/USD","forex","2025-07-13 02:02:37.0193","buy","limit",0.99990000,165.94603374,0.00000000,165.96263,0.00000000,"","LTY7CG-F7NTV-G5FQ3V,LTFOKG-HO6KW-UEAWSG","TKH2SE-M7IF5-CFI7LT","","","","","","","",165.94603374,""
"TX4ZL4-7QGNC-IRAQ6H","OZ44DY-MH7W2-BHJYXY","USDG/USD","forex","2025-07-13 02:15:56.5809","sell","limit",1.00020000,212.01639480,0.00000000,211.97400,0.00000000,"","LOCL37-P4CZG-57UU4B,LF7VJ6-FGW7T-MLFHJ3","TKH2SE-M7IF5-CFI7LT","","","","","","","",212.01639480,""
"TSGSBO-RQNB3-K4WDEN","OZ44DY-MH7W2-BHJYXY","USDG/USD","forex","2025-07-13 02:28:05.8936","sell","limit",1.00020000,24.79495800,0.00000000,24.79000,0.00000000,"","LUWWA4-FU3OY-MGZ2TS,LZHZ2J-LSLZA-ZXX3CM","TKH2SE-M7IF5-CFI7LT","","","","","","","",24.79495800,""
"THKAQW-NHDCN-2FKCJW","OZ44DY-MH7W2-BHJYXY","USDG/USD","forex","2025-07-13 02:30:53.3348","sell","limit",1.00020000,248.28964800,0.00000000,248.24000,0.00000000,"","L7LXN6-YV2BT-KKF53A,LACFTU-KTPQ4-HDD44E","TKH2SE-M7IF5-CFI7LT","","","","","","","",248.28964800,""
"TGE535-V3HCV-MAWJ6C","OZ44DY-MH7W2-BHJYXY","USDG/USD","forex","2025-07-13 02:35:51.5429","sell","limit",1.00020000,167.46614653,0.00000000,167.43266,0.00000000,"","L5J7ED-TNYGT-XDZGC3,LCEOWB-MCLG2-P2AIFS","TKH2SE-M7IF5-CFI7LT","","","","","","","",167.46614653,""
"TUNLDR-5TLHR-C6RU56","OPZJIW-ONZRG-HITZGN","USDG/USD","forex","2025-07-13 07:07:40.1283","buy","limit",0.99990000,833.95396626,0.00000000,834.03737,0.00000000,"","LSGYJH-RS3IM-ZNK5C2,LKHVVW-M3RFL-IAZD4F","TKH2SE-M7IF5-CFI7LT","","","","","","","",833.95396626,""
"TRONFS-TSNOR-552LDI","OV44BW-AO6KC-WEL5IM","USDG/USD","forex","2025-07-13 13:03:34.1007","buy","limit",0.99990000,499.95000000,0.00000000,500.00000,0.00000000,"","LMOCZA-6JRB4-VVTNDE,LYE2TJ-4TWO7-R3IETE","TKH2SE-M7IF5-CFI7LT","","","","","","","",499.95000000,""
"TH2J5O-ICM7V-4VQDF2","ONWZZZ-4WEHH-GOZF7W","USDG/USD","forex","2025-07-13 13:35:00.0645","sell","limit",1.00020000,50.21004000,0.00000000,50.20000,0.00000000,"","LGNGYJ-WOFJA-U67IJU,L7YF5J-2USGP-RREOGB","TKH2SE-M7IF5-CFI7LT","","","","","","","",50.21004000,""
"TVDCZW-5VBI6-EPGBB3","ONWZZZ-4WEHH-GOZF7W","USDG/USD","forex","2025-07-13 13:35:08.6542","sell","limit",1.00020000,449.88996000,0.00000000,449.80000,0.00000000,"","LHY5ZR-4EBZZ-27LTAP,LGO3HL-BHBJX-XRRH2C","TKH2SE-M7IF5-CFI7LT","","","","","","","",449.88996000,""
"TFZTB3-XBQ7F-GFFBA6","OKMB4V-YJF5X-J6KNBC","USDG/USD","forex","2025-07-13 14:06:52.968","sell","limit",1.00020000,500.10000000,0.00000000,500.00000,0.00000000,"","LR6HTT-4XKZ7-2NNY6Q,LQTHVP-MNPE4-WQRFOC","TKH2SE-M7IF5-CFI7LT","","","","","","","",500.10000000,""
"TCSR3U-BCAT6-Q2NLFJ","O4BAGG-3ZRNL-7UB7VG","USDG/USD","forex","2025-07-13 16:29:50.7104","buy","limit",0.99990000,94.40644841,0.00000000,94.41589,0.00000000,"","LCXHJC-SLIDY-DHF3QN,L6DCAZ-YM4A5-YPXLMO","TKH2SE-M7IF5-CFI7LT","","","","","","","",94.40644841,""
"TDIDE3-5PSXD-ZDEGPH","O4BAGG-3ZRNL-7UB7VG","USDG/USD","forex","2025-07-13 16:30:09.3294","buy","limit",0.99990000,405.54355159,0.00000000,405.58411,0.00000000,"","L6OAIH-G4HHD-MBCS6W,L2PYOU-YPLMG-DVJH5G","TKH2SE-M7IF5-CFI7LT","","","","","","","",405.54355159,""
"TIAN4Q-HQ5IL-5XW4CJ","OHF5NC-UKP7P-BANVIY","USDG/USD","forex","2025-07-13 16:43:03.485","sell","limit",1.00030000,406.14050561,0.00000000,406.01870,0.00000000,"","LET6LF-UWYUN-TWWKWK,LMOSWD-LV5Y6-4H4MKO","TKH2SE-M7IF5-CFI7LT","","","","","","","",406.14050561,""
"T3OZXN-63LA6-VCHUKO","OHF5NC-UKP7P-BANVIY","USDG/USD","forex","2025-07-13 16:49:36.7807","sell","limit",1.00030000,594.15949439,0.00000000,593.98130,0.00000000,"","LIQPXS-UHC2Z-AMUYHC,LGOOAN-DH4R4-HQOSCJ","TKH2SE-M7IF5-CFI7LT","","","","","","","",594.15949439,""
"TSRQUR-2WG2A-AHNEF3","OKRYEI-FXYET-2R2C6N","USDG/USD","forex","2025-07-13 17:18:09.4598","buy","limit",1.00000000,100.00000000,0.00000000,100.00000,0.00000000,"","L6SOKB-G3HCK-EIXEQL,LS5LOR-6W2HB-37BL7Z","TKH2SE-M7IF5-CFI7LT","","","","","","","",100.00000000,""
"TL33AM-JWEH6-XH4SJY","OYKVUO-P3626-MA4G45","USDG/USD","forex","2025-07-13 17:58:00.6642","buy","limit",0.99990000,99.99000000,0.00000000,100.00000,0.00000000,"","LTL54S-TTB4M-Z72I26,LGSIS3-QT3OK-UBBF37","TKH2SE-M7IF5-CFI7LT","","","","","","","",99.99000000,""
"THJGMV-YU3Z2-2TG5RB","OIZ2HE-NKI5O-235DXB","USDG/USD","forex","2025-07-13 17:59:09.8155","sell","limit",1.00010000,100.01000000,0.00000000,100.00000,0.00000000,"","LCY3EQ-XGTCX-6BN4I3,LJYG7H-I7JXZ-SJOJPG","TKH2SE-M7IF5-CFI7LT","","","","","","","",100.01000000,""
"TCCFCS-6ENS5-XJIJOX","O4FCKG-2OW2H-GZQLG5","USDG/USD","forex","2025-07-13 17:59:09.8155","sell","limit",1.00020000,100.02000000,0.00000000,100.00000,0.00000000,"","LZWWGP-PJG7W-PLSOIX,LGSI2B-4VBMO-YQVNK4","TKH2SE-M7IF5-CFI7LT","","","","","","","",100.02000000,""
"TVNO7W-BXZ5S-5MRIKO","OIQXQF-IFXFE-CWVCZ4","USDG/USD","forex","2025-07-13 17:59:16.3498","buy","limit",1.00010000,5.94059400,0.00000000,5.94000,0.00000000,"","L4DW2J-R3MAJ-KE647U,LR37TB-TQVQF-MGYVLH","TKH2SE-M7IF5-CFI7LT","","","","","","","",5.94059400,""
"TE447H-ZRWPM-GE2EWN","OYFJUZ-SL6R6-P67U4O","USDG/USD","forex","2025-07-13 17:59:45.4558","sell","limit",1.00020000,100.02000000,0.00000000,100.00000,0.00000000,"","LFJQ5H-XKIM7-S2RR5O,LNNPC4-ODQWU-QX5SKY","TKH2SE-M7IF5-CFI7LT","","","","","","","",100.02000000,""
"TAK7ED-BAI4C-VXIDJ7","OKZ5XY-FDBLF-FKMYVO","USDG/USD","forex","2025-07-13 18:00:00.9368","buy","limit",1.00000000,100.00000000,0.00000000,100.00000,0.00000000,"","LT3KXV-QFESP-WVELIN,L6INV5-NPF7M-KRHMYX","TKH2SE-M7IF5-CFI7LT","","","","","","","",100.00000000,""
"TMAYNR-4YY3F-AEOLLI","OKCTQS-3ABYH-UFXMZK","USDG/USD","forex","2025-07-13 18:00:14.0441","buy","limit",1.00000000,3.96000000,0.00000000,3.96000,0.00000000,"","LKKBIU-SHJRH-SHUKIU,LTRS2P-BWRTN-EBVR66","TKH2SE-M7IF5-CFI7LT","","","","","","","",3.96000000,""
"TZ47OE-J46LF-VC7LVH","O2QD72-WYGWL-LVXUNL","USDG/USD","forex","2025-07-13 18:03:14.6241","buy","limit",1.00000000,100.00000000,0.00000000,100.00000,0.00000000,"","LKMRAD-SG5NP-GYIKSU,LMYZ4P-FS2WW-JPAUOT","TKH2SE-M7IF5-CFI7LT","","","","","","","",100.00000000,""
"TMPS5T-KWTWR-INCZXK","OONWYW-ZNCPK-TRVMFC","USDG/USD","forex","2025-07-13 18:03:21.3235","buy","limit",1.00000000,16.19000000,0.00000000,16.19000,0.00000000,"","LP5EPJ-NHK4J-5GGM7V,LBD42I-EBIMY-UMEIAZ","TKH2SE-M7IF5-CFI7LT","","","","","","","",16.19000000,""
"TEH7KF-TUUHD-TCDQCU","ODRDRE-FKQCU-DWIHYQ","USDG/USD","forex","2025-07-13 18:07:00.0594","sell","limit",1.00010000,100.01000000,0.00000000,100.00000,0.00000000,"","LTVA77-T636J-DRN3NP,LLCQYM-PT2AL-ZU2PPN","TKH2SE-M7IF5-CFI7LT","","","","","","","",100.01000000,""
"TUQCOK-67266-QR5T77","OL3PTV-YESEQ-46BUXC","USDG/USD","forex","2025-07-13 18:21:00.5964","sell","limit",1.00020000,100.02000000,0.00000000,100.00000,0.00000000,"","LQ5T7A-D67R7-FAF47A,LRKGSF-SIOZK-5EAYYM","TKH2SE-M7IF5-CFI7LT","","","","","","","",100.02000000,""
"TOMCSH-6V362-A25ZYE","ODRLKF-WR7JC-O3HDGT","USDG/USD","forex","2025-07-13 18:21:00.5964","sell","limit",1.00020000,3.00060000,0.00000000,3.00000,0.00000000,"","L4EGBY-YRLVI-UVDAYL,LMTG4G-PPSCA-GKY5RI","TKH2SE-M7IF5-CFI7LT","","","","","","","",3.00060000,""
"TXRTMC-SUOGI-BO2HHD","ODRLKF-WR7JC-O3HDGT","USDG/USD","forex","2025-07-13 18:21:54.7449","sell","limit",1.00020000,4.65093000,0.00000000,4.65000,0.00000000,"","LXU5AO-V6ZEX-ISZEXD,LLCMMD-PP53X-6UFLBS","TKH2SE-M7IF5-CFI7LT","","","","","","","",4.65093000,""
"TK5TVO-CKSY3-CUKMVJ","ODRLKF-WR7JC-O3HDGT","USDG/USD","forex","2025-07-13 18:24:07.6116","sell","limit",1.00020000,4.27085400,0.00000000,4.27000,0.00000000,"","LHWA66-TCH5A-HDXBJM,LGOAMU-JPMP3-N6SOVB","TKH2SE-M7IF5-CFI7LT","","","","","","","",4.27085400,""
"TAUCGU-27S7I-BPH6RW","ODRLKF-WR7JC-O3HDGT","USDG/USD","forex","2025-07-13 18:24:12.2996","sell","limit",1.00020000,11.00220000,0.00000000,11.00000,0.00000000,"","LGLHYM-NGGGM-6SZWNA,L2RHCK-X3LBX-LU5TS7","TKH2SE-M7IF5-CFI7LT","","","","","","","",11.00220000,""
"TE6QQY-W625A-4DVDLB","ODRLKF-WR7JC-O3HDGT","USDG/USD","forex","2025-07-13 18:24:44.5812","sell","limit",1.00020000,4.50090000,0.00000000,4.50000,0.00000000,"","LIMHSW-HU5WD-F6C5CK,LSB6PG-MNJLO-36BMKU","TKH2SE-M7IF5-CFI7LT","","","","","","","",4.50090000,""
"TTG5R2-LKZVH-3P4ABQ","ODRLKF-WR7JC-O3HDGT","USDG/USD","forex","2025-07-13 18:26:15.0549","sell","limit",1.00020000,72.59451600,0.00000000,72.58000,0.00000000,"","LOAN4S-XPOT6-3HHQJX,LIQOSN-R2DOV-V4MUC7","TKH2SE-M7IF5-CFI7LT","","","","","","","",72.59451600,""
"TX5WS7-INMNV-MTROBX","OEOXB3-DJWU5-GDUQM5","USDG/USD","forex","2025-07-13 18:26:15.0549","sell","limit",1.00020000,100.02000000,0.00000000,100.00000,0.00000000,"","LMK3UO-WIVZL-K5P7SH,LKVS2K-CTC3R-CXDDOI","TKH2SE-M7IF5-CFI7LT","","","","","","","",100.02000000,""
"TGV6SR-IOCWX-TI4BIO","O7XDG2-4I4ZI-WDKPKR","USDG/USD","forex","2025-07-13 18:28:18.6689","sell","limit",1.00030000,100.03000000,0.00000000,100.00000,0.00000000,"","L5XGAG-6362E-U7PGKM,LHAK72-ZZDZL-PUYES2","TKH2SE-M7IF5-CFI7LT","","","","","","","",100.03000000,""
"TG3RPL-JYBVE-J4MISC","OYIEOE-3QF7T-5A3E25","USDG/USD","forex","2025-07-13 18:28:59.6635","buy","limit",1.00010000,8.00080000,0.00000000,8.00000,0.00000000,"","LZXXCT-V6OQZ-SJ6GA2,L6Y2XI-YGPGS-VZ6ZFF","TKH2SE-M7IF5-CFI7LT","","","","","","","",8.00080000,""
"T26QFG-5ZEUO-COWKET","OKYDST-BFMGR-A3ZJC6","USDG/USD","forex","2025-07-13 18:31:36.564","buy","limit",1.00010000,2.82028200,0.00000000,2.82000,0.00000000,"","L4T4E3-IPVH5-JQ5MIU,L7J7VP-ORXG4-6T64EB","TKH2SE-M7IF5-CFI7LT","","","","","","","",2.82028200,""
"THEA3C-3ILBZ-PJXQ3T","OV4D2P-D2YML-CMNSNP","USDG/USD","forex","2025-07-13 18:31:59.1232","buy","limit",1.00010000,49.50495000,0.00000000,49.50000,0.00000000,"","LSOUAM-CUVXU-EWJX2X,LZFZNK-TBQHH-7NGT6I","TKH2SE-M7IF5-CFI7LT","","","","","","","",49.50495000,""
"TQBYRK-4FVVA-KPZIL7","OE27GT-T3FN6-JYAKWT","USDG/USD","forex","2025-07-13 18:33:07.8086","buy","limit",1.00010000,15.87158700,0.00000000,15.87000,0.00000000,"","LJ6XSL-WP3RI-WFRDWQ,LXHYY6-2ZXBR-YRDFCW","TKH2SE-M7IF5-CFI7LT","","","","","","","",15.87158700,""
"TYWAYN-W6JED-L5FEDC","OTD7UI-7H2V7-63UJEW","USDG/USD","forex","2025-07-13 18:36:35.0156","sell","limit",1.00020000,60.43207400,0.00000000,60.41999,0.00000000,"","LSEZP3-ZNHEB-4DMRMC,LE4OF3-AL26D-F4HU3H","TKH2SE-M7IF5-CFI7LT","","","","","","","",60.43207400,""
"T53BBY-UKK5P-OYYUBN","OTD7UI-7H2V7-63UJEW","USDG/USD","forex","2025-07-13 18:37:01.2632","sell","limit",1.00020000,32.08641600,0.00000000,32.08000,0.00000000,"","LKCR3W-WHZR2-6XAGXO,L55LKC-X47GK-XH742D","TKH2SE-M7IF5-CFI7LT","","","","","","","",32.08641600,""
"TWL6XW-S6MXM-M46FHI","OTD7UI-7H2V7-63UJEW","USDG/USD","forex","2025-07-13 18:38:11.3227","sell","limit",1.00020000,7.50151000,0.00000000,7.50001,0.00000000,"","LTLECM-F2ZMT-BC5KPQ,LHPTK2-WEXI5-HRAZAM","TKH2SE-M7IF5-CFI7LT","","","","","","","",7.50151000,""
"TKG7UX-E2JJL-NWBQFC","OFINHT-XBFA6-DKGTCU","USDG/USD","forex","2025-07-13 18:38:38.5328","buy","limit",1.00000000,600.00000000,0.00000000,600.00000,0.00000000,"","LBKHJU-D2P3I-G3WVX4,L6HFHP-VK4QK-EXHMI3","TKH2SE-M7IF5-CFI7LT","","","","","","","",600.00000000,""
"TKJEVT-QBNVA-MG7V4P","ORJIHG-MB2WZ-VZRP7J","USDG/USD","forex","2025-07-13 18:41:27.3677","buy","limit",1.00000000,20.00000000,0.00000000,20.00000,0.00000000,"","LDJKD3-2P7AN-G34FOU,LWXH4R-5PJM2-VHCU3W","TKH2SE-M7IF5-CFI7LT","","","","","","","",20.00000000,""
"TVQ3SU-UCZKP-MSXVTU","ON4GOQ-P27EW-MVMJL3","USDG/USD","forex","2025-07-13 18:42:54.4131","sell","limit",1.00020000,100.02000000,0.00000000,100.00000,0.00000000,"","LG24UQ-6LNDA-NAS3WB,LGLLGP-PRJRG-5AWSWT","TKH2SE-M7IF5-CFI7LT","","","","","","","",100.02000000,""
"TDKDVT-HGNBT-3QUWBB","OMSO3X-KLQZF-V5ZERE","USDG/USD","forex","2025-07-13 18:42:54.4131","sell","limit",1.00020000,100.02000000,0.00000000,100.00000,0.00000000,"","LZ5A4E-QNIPY-HVEA7R,LPPS2L-RLEL4-VACJW7","TKH2SE-M7IF5-CFI7LT","","","","","","","",100.02000000,""
"TD2VO5-DCHPW-PKPMJH","O6DW3E-GGOKB-KEWLK6","USDG/USD","forex","2025-07-13 18:45:21.2899","buy","limit",1.00000000,43.75705000,0.00000000,43.75705,0.00000000,"","LZPJBM-EKPKS-S4OY3I,LSEAMZ-3KIOC-B53JDN","TKH2SE-M7IF5-CFI7LT","","","","","","","",43.75705000,""
"T4PA5H-3KH67-E7J5KG","O4EHMF-TWD5Z-PKCYFR","USDG/USD","forex","2025-07-13 18:49:07.2767","sell","limit",1.00020000,100.02000000,0.00000000,100.00000,0.00000000,"","LTLZ66-2ZCQW-HLIHJW,LLKHDU-EKQXC-A2JZ3W","TKH2SE-M7IF5-CFI7LT","","","","","","","",100.02000000,""
"TDZL4C-V4C7F-CXK4MP","OGR3XX-O7UYU-RRYVZC","USDG/USD","forex","2025-07-13 18:53:09.4898","buy","limit",1.00000000,100.00000000,0.00000000,100.00000,0.00000000,"","LX57WI-OW3UC-Q4ZZTH,LM5REC-6OPGE-LUCK57","TKH2SE-M7IF5-CFI7LT","","","","","","","",100.00000000,""
"TT246O-EMGTM-CZ7ZC7","O5UE6G-OYHEB-BHG3LX","USDG/USD","forex","2025-07-13 18:55:27.1325","buy","limit",1.00000000,10.00000000,0.00000000,10.00000,0.00000000,"","LHFPF4-SHYTO-MHZVED,LY4O6U-Z3BUD-ZZEECB","TKH2SE-M7IF5-CFI7LT","","","","","","","",10.00000000,""
"TA4KGW-F3F72-XEW2TB","OUIKR7-C4GEL-XQKCDJ","USDG/USD","forex","2025-07-13 18:58:53.4057","sell","limit",1.00020000,2.48049600,0.00000000,2.48000,0.00000000,"","L7DPVU-LLY4B-3ML3I3,LMV7L6-UYOWT-JGJGND","TKH2SE-M7IF5-CFI7LT","","","","","","","",2.48049600,""
"TUQSOZ-NE6BU-EWUOSO","OUIKR7-C4GEL-XQKCDJ","USDG/USD","forex","2025-07-13 19:00:30.1182","sell","limit",1.00020000,97.53950400,0.00000000,97.52000,0.00000000,"","LYALFL-GMRMJ-FUFTE3,LQSBPD-XAZCJ-FYZXBD","TKH2SE-M7IF5-CFI7LT","","","","","","","",97.53950400,""
"TY5WYP-6Z76H-CZSKJC","O5DOTZ-26J7G-46VRMM","USDG/USD","forex","2025-07-13 19:00:46.53","buy","limit",1.00000000,0.99000000,0.00000000,0.99000,0.00000000,"","LUWHNU-MTSFS-GJWGWG,LEY5EP-XGKZC-ZPHVSY","TKH2SE-M7IF5-CFI7LT","","","","","","","",0.99000000,""
"TA2VMG-6XMSI-KBINZS","O5DOTZ-26J7G-46VRMM","USDG/USD","forex","2025-07-13 19:01:09.1419","buy","limit",1.00000000,99.01000000,0.00000000,99.01000,0.00000000,"","L35ORV-TAOYA-SR6PJI,LWDLBQ-Y63S7-DJNWUA","TKH2SE-M7IF5-CFI7LT","","","","","","","",99.01000000,""
"TGXBYH-YBWBC-BLXX5G","ON56ZJ-XL3KJ-FIOSVV","USDG/USD","forex","2025-07-13 19:02:13.9865","sell","limit",1.00020000,26.05521000,0.00000000,26.05000,0.00000000,"","LASJ3Z-6SOKS-LI2WHG,LCMVHN-ILIVF-YY3NRR","TKH2SE-M7IF5-CFI7LT","","","","","","","",26.05521000,""
"TPMDJS-JFVBN-WR5ZWY","ON56ZJ-XL3KJ-FIOSVV","USDG/USD","forex","2025-07-13 19:02:47.9554","sell","limit",1.00020000,22.45449000,0.00000000,22.45000,0.00000000,"","LXCILC-42MZS-37KNBX,LYE3NW-BA2EC-CIBBSF","TKH2SE-M7IF5-CFI7LT","","","","","","","",22.45449000,""
"TNU6G4-LVO7H-R4IEYT","ON56ZJ-XL3KJ-FIOSVV","USDG/USD","forex","2025-07-13 19:05:27.6384","sell","limit",1.00020000,25.00500000,0.00000000,25.00000,0.00000000,"","LG2A7Q-6KCVM-ASSWRN,L5L7C6-Z3DP2-SIFCCT","TKH2SE-M7IF5-CFI7LT","","","","","","","",25.00500000,""
"TDGCAY-S7QER-UBQ7OX","ON56ZJ-XL3KJ-FIOSVV","USDG/USD","forex","2025-07-13 19:06:35.3423","sell","limit",1.00020000,26.50530000,0.00000000,26.50000,0.00000000,"","L5Y3WF-RF6YX-ZUHN5L,LR24XU-RJ32B-NZCT5M","TKH2SE-M7IF5-CFI7LT","","","","","","","",26.50530000,""
"TNX5JC-AEWRQ-NOCVR5","O4GNIF-OCEGV-7QKHGS","USDG/USD","forex","2025-07-13 19:07:51.7487","buy","limit",1.00000000,100.00000000,0.00000000,100.00000,0.00000000,"","LT3HWT-SDOCD-2YVPTN,LBGLBI-74HVI-QMQSPU","TKH2SE-M7IF5-CFI7LT","","","","","","","",100.00000000,""
"TC63RF-JYGBM-7TXHVO","OHBJ4C-2MKLW-7R4ZNE","USDG/USD","forex","2025-07-13 19:08:19.1786","sell","limit",1.00020000,100.02000000,0.00000000,100.00000,0.00000000,"","LME24I-KDSWU-MXLIH6,L4FXGS-34XU2-MP4SUX","TKH2SE-M7IF5-CFI7LT","","","","","","","",100.02000000,""
"TYVEXK-LNRK3-OG5KKI","O7GFVE-W6LEB-AVWTV4","USDG/USD","forex","2025-07-13 19:13:52.1744","sell","limit",1.00020000,22.53450600,0.00000000,22.53000,0.00000000,"","LCKEHY-5QMKC-HS2RE3,LMKJ3A-NTBFR-DNRCDQ","TKH2SE-M7IF5-CFI7LT","","","","","","","",22.53450600,""
"T3Y2E5-AZBXH-ZB4KRN","O7GFVE-W6LEB-AVWTV4","USDG/USD","forex","2025-07-13 19:15:28.4429","sell","limit",1.00020000,1.96039200,0.00000000,1.96000,0.00000000,"","LWTZTX-SMIW4-IDN47M,LO5DUZ-C3RHP-LNFXX3","TKH2SE-M7IF5-CFI7LT","","","","","","","",1.96039200,""
"TOC66E-YVUDN-OMIAHZ","OX5GTQ-IRCI5-XFEFO2","USDG/USD","forex","2025-07-13 19:15:50.2796","buy","limit",1.00000000,100.00000000,0.00000000,100.00000,0.00000000,"","LOXLFE-5KDD5-D3O2GW,LE5HKN-ILS5U-BEILSA","TKH2SE-M7IF5-CFI7LT","","","","","","","",100.00000000,""
"TBP46C-BCRNT-MCV6LO","OPGI3V-FGZDJ-UT3RST","USDG/USD","forex","2025-07-13 19:32:06.7467","sell","limit",1.00000000,100.00000000,0.00000000,100.00000,0.00000000,"","LYGFGH-I42V5-2M6GAP,LG3LLM-6TFQK-IGPDQF","TKH2SE-M7IF5-CFI7LT","","","","","","","",100.00000000,""
"T232V4-MSZK5-KBJMFE","OIDLR2-ECYV5-AV44WP","USDG/USD","forex","2025-07-13 19:32:06.7467","sell","limit",1.00010000,100.01000000,0.00000000,100.00000,0.00000000,"","L2EOWE-2PVBM-WVI4IC,LUF4ZG-D6Z6Z-KLFSJQ","TKH2SE-M7IF5-CFI7LT","","","","","","","",100.01000000,""
"TIAR5E-UQ7GI-6D5DKZ","O7GFVE-W6LEB-AVWTV4","USDG/USD","forex","2025-07-13 19:32:06.7467","sell","limit",1.00020000,75.52510200,0.00000000,75.51000,0.00000000,"","LXXYXX-FDQVC-U3KTGH,LWR2MT-SD7S2-XTNIZB","TKH2SE-M7IF5-CFI7LT","","","","","","","",75.52510200,""
"TMCE24-JNMRL-6GQLAC","OA6ZTQ-XZIUK-ZHVCCY","USDG/USD","forex","2025-07-13 19:32:23.0832","buy","limit",1.00010000,19.80198000,0.00000000,19.80000,0.00000000,"","LWBASF-DFVFG-K63OZP,LNH6NJ-BUXH3-KAVHBZ","TKH2SE-M7IF5-CFI7LT","","","","","","","",19.80198000,""
"TUZBQN-SFDAQ-YT2HQT","OYMHIO-KMJCC-2NZ2OS","USDG/USD","forex","2025-07-13 19:33:01.7349","buy","limit",1.00010000,99.01990100,0.00000000,99.01000,0.00000000,"","LFQQHK-4NND5-5DBZDM,LL5BRZ-2PNXA-KUJKD7","TKH2SE-M7IF5-CFI7LT","","","","","","","",99.01990100,""
"TKPC5H-VOOO6-GHXQJD","ODSEP4-EDFCW-ARJ7T3","USDG/USD","forex","2025-07-13 19:33:04.274","buy","limit",1.00010000,19.80198000,0.00000000,19.80000,0.00000000,"","LHDQNH-PJZSB-INEJHC,LHD7W2-JSX4N-HEOUPC","TKH2SE-M7IF5-CFI7LT","","","","","","","",19.80198000,""
"TBUYIT-RSGLF-V3AEP4","O6PP7I-NYACD-2HZ6HW","USDG/USD","forex","2025-07-13 19:33:49.6877","buy","limit",1.00000000,54.46000000,0.00000000,54.46000,0.00000000,"","LKRF4S-3C4IJ-BIHXGX,L4AKXL-7MIKQ-2NWJRQ","TKH2SE-M7IF5-CFI7LT","","","","","","","",54.46000000,""
"TGZLPC-SKQOB-YSJTEO","OYDNK2-ZDWW5-ZN6H7S","USDG/USD","forex","2025-07-13 19:39:08.0219","buy","limit",1.00000000,75.89000000,0.00000000,75.89000,0.00000000,"","LRS6DS-5YMCW-EDIKFO,LGFSDW-TZ5GD-5UHSFF","TKH2SE-M7IF5-CFI7LT","","","","","","","",75.89000000,""
"TSEQ5M-H5JNW-S6TCGS","OVQZRD-2U73H-5RG4TX","USDG/USD","forex","2025-07-13 19:41:15.9828","sell","limit",1.00020000,5.52110400,0.00000000,5.52000,0.00000000,"","LPTYJG-WPIMM-ZMTI7E,L5KEJQ-DQWM5-LW26GE","TKH2SE-M7IF5-CFI7LT","","","","","","","",5.52110400,""
"TN74IM-TMOMQ-DUB6CJ","OVQZRD-2U73H-5RG4TX","USDG/USD","forex","2025-07-13 19:41:38.2772","sell","limit",1.00020000,10.61212200,0.00000000,10.61000,0.00000000,"","L364B4-ERTWN-IF3W7Z,LHBJPZ-AMQYJ-3XPX6Q","TKH2SE-M7IF5-CFI7LT","","","","","","","",10.61212200,""
"T3HWYS-NWUGZ-25XRVY","OVQZRD-2U73H-5RG4TX","USDG/USD","forex","2025-07-13 19:43:30.2456","sell","limit",1.00020000,23.34466800,0.00000000,23.34000,0.00000000,"","L2YGLE-DGPTM-WJOLQ5,LCWGS3-WDTGR-JZKA7M","TKH2SE-M7IF5-CFI7LT","","","","","","","",23.34466800,""
"TJ46EE-VN6LS-RDOJJV","OVQZRD-2U73H-5RG4TX","USDG/USD","forex","2025-07-13 19:44:50.878","sell","limit",1.00020000,22.65453000,0.00000000,22.65000,0.00000000,"","LWKVAB-Z2UZD-2ED74L,LN64UG-655H5-GWPA5K","TKH2SE-M7IF5-CFI7LT","","","","","","","",22.65453000,""
"T5XF7Q-C222A-DABOW3","OVQZRD-2U73H-5RG4TX","USDG/USD","forex","2025-07-13 19:47:12.2764","sell","limit",1.00020000,37.88757600,0.00000000,37.88000,0.00000000,"","LH4E42-II3OH-FU4CQ2,LHTKIN-FZ6FE-4DHUZB","TKH2SE-M7IF5-CFI7LT","","","","","","","",37.88757600,""
"TJT2AO-CYZIT-JSFQQ6","OABQRD-QNQL3-3NJAQI","USDG/USD","forex","2025-07-13 19:50:02.4618","sell","limit",1.00020000,8.00160000,0.00000000,8.00000,0.00000000,"","LFXBYH-5DI5J-REJTYB,LSKRHG-RFWFN-C5V7BH","TKH2SE-M7IF5-CFI7LT","","","","","","","",8.00160000,""
"TENMRX-GGGFH-PXAKP3","OABQRD-QNQL3-3NJAQI","USDG/USD","forex","2025-07-13 19:50:08.7012","sell","limit",1.00020000,5.74114800,0.00000000,5.74000,0.00000000,"","LEE5SD-2XG3I-YS22QA,LGMLDN-UGIGZ-GVPMKZ","TKH2SE-M7IF5-CFI7LT","","","","","","","",5.74114800,""
"TK4VR2-23VKK-FDDDVY","OABQRD-QNQL3-3NJAQI","USDG/USD","forex","2025-07-13 19:50:21.6954","sell","limit",1.00020000,19.29385800,0.00000000,19.29000,0.00000000,"","L3H3LZ-Y3K2Y-IO7F2H,L4ZHUG-AIZAY-C7QEMP","TKH2SE-M7IF5-CFI7LT","","","","","","","",19.29385800,""
"TZC3WW-WWOZS-KSK753","OABQRD-QNQL3-3NJAQI","USDG/USD","forex","2025-07-13 19:51:42.6341","sell","limit",1.00020000,20.87417400,0.00000000,20.87000,0.00000000,"","LUBPIB-AO32V-F7S5F6,LJ2K37-C5UVA-TLTXCP","TKH2SE-M7IF5-CFI7LT","","","","","","","",20.87417400,""
"TTNBZE-OXIYU-4MSZSC","OABQRD-QNQL3-3NJAQI","USDG/USD","forex","2025-07-13 19:52:00.5","sell","limit",1.00020000,16.93338600,0.00000000,16.93000,0.00000000,"","L24NSY-QHZYF-I6ZZXC,LK5IWM-FGEOC-MFHDXD","TKH2SE-M7IF5-CFI7LT","","","","","","","",16.93338600,""
"TP3DFD-7WZN3-KPP2U6","OABQRD-QNQL3-3NJAQI","USDG/USD","forex","2025-07-13 19:52:21.8908","sell","limit",1.00020000,13.13262600,0.00000000,13.13000,0.00000000,"","LMNPWJ-J3TY7-Y6GYKD,LYDEDQ-ZBC4A-H4JNGN","TKH2SE-M7IF5-CFI7LT","","","","","","","",13.13262600,""
"TCYUAI-I5TLI-MOUHVY","OABQRD-QNQL3-3NJAQI","USDG/USD","forex","2025-07-13 19:53:23.5615","sell","limit",1.00020000,16.04320800,0.00000000,16.04000,0.00000000,"","LXG7UW-ZSXSG-5YGVEV,LFBMYN-HFLYQ-24VMQI","TKH2SE-M7IF5-CFI7LT","","","","","","","",16.04320800,""
"TR2XOZ-2ZUSW-Y7AGOG","OI3KGZ-MYEGP-EP6LTH","USDG/USD","forex","2025-07-13 19:55:49.2864","buy","limit",1.00000000,500.00000000,0.00000000,500.00000,0.00000000,"","LFELCE-NKIUQ-PFD46P,LICDP7-SHYIV-YV53B3","TKH2SE-M7IF5-CFI7LT","","","","","","","",500.00000000,""
"TLLGRC-XMH2S-XPSVY5","OBSU5G-3RARC-5QPEQR","USDG/USD","forex","2025-07-13 19:59:13.4038","buy","limit",1.00000000,0.99000000,0.00000000,0.99000,0.00000000,"","L4YGIF-36XDE-HYI35E,LHNUQ3-IBNL2-EL7GAB","TKH2SE-M7IF5-CFI7LT","","","","","","","",0.99000000,""
"TSMYXI-CE4VN-UWXYSF","OBSU5G-3RARC-5QPEQR","USDG/USD","forex","2025-07-13 19:59:14.8071","buy","limit",1.00000000,99.01000000,0.00000000,99.01000,0.00000000,"","LMZCLY-Q7DPD-KJQEMI,LTSGCH-3EJ3A-UJMZOA","TKH2SE-M7IF5-CFI7LT","","","","","","","",99.01000000,""
"TKX6WM-TWGHC-4IAUIH","OWMQFK-L3O4U-2CGC36","USDG/USD","forex","2025-07-13 20:00:40.1614","buy","limit",1.00000000,1.98000000,0.00000000,1.98000,0.00000000,"","LLJTWE-F5YMM-ZNHKKY,LQ2QL6-BNLG7-CMMGDY","TKH2SE-M7IF5-CFI7LT","","","","","","","",1.98000000,""
"THUJML-2IXOT-ZH2WZM","OEVO33-CGUO5-FZWKTY","USDG/USD","forex","2025-07-13 20:03:45.9365","sell","limit",1.00020000,8.54170800,0.00000000,8.54000,0.00000000,"","LN5YIZ-O5FDY-KKTE7X,LDUNKQ-2JYI6-24XYSM","TKH2SE-M7IF5-CFI7LT","","","","","","","",8.54170800,""
"THVQQD-RJBKF-BOREH5","OUSE6D-IRDZQ-XPQBV3","USDG/USD","forex","2025-07-13 20:05:29.3688","buy","limit",1.00000000,4.81000000,0.00000000,4.81000,0.00000000,"","LCXGOM-5VDVC-2DMHEU,LISE3M-ZP54K-W3KXEI","TKH2SE-M7IF5-CFI7LT","","","","","","","",4.81000000,""
"TGOKU2-FNFA7-QMH6LP","OUSE6D-IRDZQ-XPQBV3","USDG/USD","forex","2025-07-13 20:05:55.6412","buy","limit",1.00000000,1.00000000,0.00000000,1.00000,0.00000000,"","LWGJQV-ECMFB-CY3DBL,LKIDN5-23XTR-QUVRW7","TKH2SE-M7IF5-CFI7LT","","","","","","","",1.00000000,""
"TTO3XO-W5J3D-B4YTAM","OUSE6D-IRDZQ-XPQBV3","USDG/USD","forex","2025-07-13 20:06:05.0093","buy","limit",1.00000000,0.99000000,0.00000000,0.99000,0.00000000,"","L7IY5B-N7STX-V5VZWY,L2OK4Q-TKD2E-3TS76E","TKH2SE-M7IF5-CFI7LT","","","","","","","",0.99000000,""
"T4PELJ-DCITO-F55LVE","OUSE6D-IRDZQ-XPQBV3","USDG/USD","forex","2025-07-13 20:07:16.7164","buy","limit",1.00000000,1.00000000,0.00000000,1.00000,0.00000000,"","LHMX6D-JNWK5-AGBWSR,L6F53R-LOWBA-64J3C2","TKH2SE-M7IF5-CFI7LT","","","","","","","",1.00000000,""
"TGCGOF-AGGLU-U3REEW","OUSE6D-IRDZQ-XPQBV3","USDG/USD","forex","2025-07-13 20:07:48.8982","buy","limit",1.00000000,13.00000000,0.00000000,13.00000,0.00000000,"","LTUH2X-25L6B-OK44F5,L6DF52-XJARR-Q2KTZP","TKH2SE-M7IF5-CFI7LT","","","","","","","",13.00000000,""
"TBKRPX-HBA5L-CA7XN7","OUSE6D-IRDZQ-XPQBV3","USDG/USD","forex","2025-07-13 20:08:01.8307","buy","limit",1.00000000,1.00000000,0.00000000,1.00000,0.00000000,"","LDEP3L-2XXCI-5MVGIA,LM2YEQ-5OSP6-X6MVVR","TKH2SE-M7IF5-CFI7LT","","","","","","","",1.00000000,""
"T52VXE-3MUIT-IHUJSI","OUSE6D-IRDZQ-XPQBV3","USDG/USD","forex","2025-07-13 20:08:06.456","buy","limit",1.00000000,78.20000000,0.00000000,78.20000,0.00000000,"","L4D34X-4GNJ6-MV6AIS,LPPGUE-6DS7Y-6SCLWQ","TKH2SE-M7IF5-CFI7LT","","","","","","","",78.20000000,""
"T57HWY-EHPS3-74KUPH","OBSEAY-FNFLD-FQS36A","USDG/USD","forex","2025-07-13 20:09:03.4924","buy","limit",1.00000000,34.18000000,0.00000000,34.18000,0.00000000,"","LGGVE5-RQWFX-YKUPYT,L4L2TZ-FR7YV-XHQEH5","TKH2SE-M7IF5-CFI7LT","","","","","","","",34.18000000,""
"TRSQGJ-KOHXG-6KKWMT","OEVO33-CGUO5-FZWKTY","USDG/USD","forex","2025-07-13 20:09:08.9675","sell","limit",1.00020000,4.61092200,0.00000000,4.61000,0.00000000,"","LJV5UQ-JUJJH-45QBDU,LXBQDW-QY4RJ-ZZXKVY","TKH2SE-M7IF5-CFI7LT","","","","","","","",4.61092200,""
"TNWHNG-JJDCZ-625HK3","OBSEAY-FNFLD-FQS36A","USDG/USD","forex","2025-07-13 20:09:41.1401","buy","limit",1.00000000,3.80000000,0.00000000,3.80000,0.00000000,"","LPWC6J-OICFV-6L2IMT,LSWJ4H-2DILJ-L4CMRZ","TKH2SE-M7IF5-CFI7LT","","","","","","","",3.80000000,""
"TCYENC-4VB5W-OZJUJ5","OBSEAY-FNFLD-FQS36A","USDG/USD","forex","2025-07-13 20:09:48.6122","buy","limit",1.00000000,39.33000000,0.00000000,39.33000,0.00000000,"","LE7YYP-24SMV-RVG6LH,LGQCPS-EWGVI-4RS2OO","TKH2SE-M7IF5-CFI7LT","","","","","","","",39.33000000,""
"TTU3GQ-FRZNR-RBK4YL","OBSEAY-FNFLD-FQS36A","USDG/USD","forex","2025-07-13 20:09:55.0438","buy","limit",1.00000000,10.00000000,0.00000000,10.00000,0.00000000,"","LOPUYY-ZSADK-KYFUVC,LMJLNL-YN7XD-TTNUNR","TKH2SE-M7IF5-CFI7LT","","","","","","","",10.00000000,""
"TIUAHE-Y5Z2Y-HGOQT6","OBSEAY-FNFLD-FQS36A","USDG/USD","forex","2025-07-13 20:10:21.8853","buy","limit",1.00000000,2.00000000,0.00000000,2.00000,0.00000000,"","LVIBDA-ZRF7K-TLBGVJ,LMJZHH-ETC7S-R6XUGE","TKH2SE-M7IF5-CFI7LT","","","","","","","",2.00000000,""
"TUFTOU-X5QMV-N2QQDF","OBSEAY-FNFLD-FQS36A","USDG/USD","forex","2025-07-13 20:10:40.1394","buy","limit",1.00000000,1.00000000,0.00000000,1.00000,0.00000000,"","LNO3ND-P7UK3-GCDLMU,LTKBWO-IOUTS-57WQDX","TKH2SE-M7IF5-CFI7LT","","","","","","","",1.00000000,""
"TJ4BBL-TYWRS-N4UFEA","OEVO33-CGUO5-FZWKTY","USDG/USD","forex","2025-07-13 20:10:44.7764","sell","limit",1.00020000,8.61172200,0.00000000,8.61000,0.00000000,"","LRF4UB-OHYAX-J6YG6P,LQEGXU-SY4CP-MQ5WRV","TKH2SE-M7IF5-CFI7LT","","","","","","","",8.61172200,""
"TBJIZT-TOFSW-XEWJIZ","OEVO33-CGUO5-FZWKTY","USDG/USD","forex","2025-07-13 20:10:55.6611","sell","limit",1.00020000,1.67033400,0.00000000,1.67000,0.00000000,"","L6S57C-I6DRT-HM26AR,LS4VCE-3K54A-T5VQXC","TKH2SE-M7IF5-CFI7LT","","","","","","","",1.67033400,""
"TCLO3H-3BXS5-WCIMHE","OBSEAY-FNFLD-FQS36A","USDG/USD","forex","2025-07-13 20:10:56.5692","buy","limit",1.00000000,5.00000000,0.00000000,5.00000,0.00000000,"","LF4F53-3TWJ7-Z5TLPO,L6G5LN-NULPZ-ROYZ5K","TKH2SE-M7IF5-CFI7LT","","","","","","","",5.00000000,""
"TOSZSI-5IXFR-MG6BK2","OBSEAY-FNFLD-FQS36A","USDG/USD","forex","2025-07-13 20:11:15.2686","buy","limit",1.00000000,1.00000000,0.00000000,1.00000,0.00000000,"","LKJK7N-AY64W-MIBPMY,LCT5D7-FVHNX-EBIK4X","TKH2SE-M7IF5-CFI7LT","","","","","","","",1.00000000,""
"T6RCKS-OD5VM-Y3F3ZV","OBSEAY-FNFLD-FQS36A","USDG/USD","forex","2025-07-13 20:11:16.5075","buy","limit",1.00000000,3.69000000,0.00000000,3.69000,0.00000000,"","LMAAG3-GB246-SJA762,LHN7HZ-A552W-42O7PC","TKH2SE-M7IF5-CFI7LT","","","","","","","",3.69000000,""
"TFYM6N-HI4DQ-W4GLDJ","OEVO33-CGUO5-FZWKTY","USDG/USD","forex","2025-07-13 20:12:26.8771","sell","limit",1.00020000,2.33046600,0.00000000,2.33000,0.00000000,"","LN6P47-3PDXY-6JY7YI,LP6VPE-3MXCR-CP5F5G","TKH2SE-M7IF5-CFI7LT","","","","","","","",2.33046600,""
"TDBGVY-CTL6S-PABR2G","O5OFZO-4IIRU-XEQBZ3","USDG/USD","forex","2025-07-13 20:13:43.0885","buy","limit",1.00000000,1.98000000,0.00000000,1.98000,0.00000000,"","LLLXQM-PHA4O-7PRX2Z,LE5B3O-FMFBB-H3H3FQ","TKH2SE-M7IF5-CFI7LT","","","","","","","",1.98000000,""
"T3E6KX-6QYNT-6XU5KQ","O5OFZO-4IIRU-XEQBZ3","USDG/USD","forex","2025-07-13 20:13:52.5054","buy","limit",1.00000000,1.00000000,0.00000000,1.00000,0.00000000,"","LTIOHF-2SR6B-F4ZT4N,LL5VCM-RULT6-Y67YBF","TKH2SE-M7IF5-CFI7LT","","","","","","","",1.00000000,""
"TZKBY2-NUWSP-ICXOMP","OEVO33-CGUO5-FZWKTY","USDG/USD","forex","2025-07-13 20:13:58.3577","sell","limit",1.00020000,74.25484800,0.00000000,74.24000,0.00000000,"","LKRYO4-VO7RJ-WGG2JX,LEPAMP-GCGN4-PJQDXN","TKH2SE-M7IF5-CFI7LT","","","","","","","",74.25484800,""
"TMQU4P-NQYTL-SMDUND","ODLOYI-DYWW2-HHGBOM","USDG/USD","forex","2025-07-13 20:13:58.3577","sell","limit",1.00020000,100.02000000,0.00000000,100.00000,0.00000000,"","LBUIEI-PVPZ4-C3X3RB,LBYZJM-F46XQ-IEUAUU","TKH2SE-M7IF5-CFI7LT","","","","","","","",100.02000000,""
"TER74D-VT2NV-SPOJVW","O5OFZO-4IIRU-XEQBZ3","USDG/USD","forex","2025-07-13 20:14:12.4007","buy","limit",1.00000000,1.00000000,0.00000000,1.00000,0.00000000,"","LHKELO-RRRRP-XIISWT,LI67UK-JMBYH-PXOXWI","TKH2SE-M7IF5-CFI7LT","","","","","","","",1.00000000,""
"TBURAE-L6X7L-IZUEL6","O5OFZO-4IIRU-XEQBZ3","USDG/USD","forex","2025-07-13 20:14:17.3897","buy","limit",1.00000000,1.00000000,0.00000000,1.00000,0.00000000,"","LXBSPY-OMH3P-ZAPPHB,LM2FM6-DMDZS-VVXMT3","TKH2SE-M7IF5-CFI7LT","","","","","","","",1.00000000,""
"TZMBQF-KUKCP-WN7SDK","O5OFZO-4IIRU-XEQBZ3","USDG/USD","forex","2025-07-13 20:14:19.978","buy","limit",1.00000000,15.00000000,0.00000000,15.00000,0.00000000,"","LVVHDO-73ZIU-4NJB6M,L4FWXB-ST7CE-Q4TWGX","TKH2SE-M7IF5-CFI7LT","","","","","","","",15.00000000,""
"TL45RI-LMDZM-I5WVWX","O5OFZO-4IIRU-XEQBZ3","USDG/USD","forex","2025-07-13 20:14:45.2581","buy","limit",1.00000000,15.00000000,0.00000000,15.00000,0.00000000,"","LHIAQ6-CWKG7-5J6GTZ,LELJND-2TED3-N73TYN","TKH2SE-M7IF5-CFI7LT","","","","","","","",15.00000000,""
"TZAFLQ-V3Y6C-FFC4NB","O5OFZO-4IIRU-XEQBZ3","USDG/USD","forex","2025-07-13 20:14:51.1485","buy","limit",1.00000000,1.00000000,0.00000000,1.00000,0.00000000,"","LF7TOE-3Q7LO-3AIWQ7,L5UBKF-SX7HI-J6S6OZ","TKH2SE-M7IF5-CFI7LT","","","","","","","",1.00000000,""
"TQ56MB-MHLYD-DCKO7J","O5OFZO-4IIRU-XEQBZ3","USDG/USD","forex","2025-07-13 20:14:52.4625","buy","limit",1.00000000,50.00000000,0.00000000,50.00000,0.00000000,"","LRIPEP-6YRHI-6ZDJSY,LTY2HN-VV4LK-EF76KB","TKH2SE-M7IF5-CFI7LT","","","","","","","",50.00000000,""
"TU6Z5U-2773D-6MIUZ5","O3LUAD-UZD3A-JV2WAD","USDG/USD","forex","2025-07-13 20:15:37.6353","sell","limit",1.00020000,100.02000000,0.00000000,100.00000,0.00000000,"","L35WGQ-G2OYJ-CMIFEU,LDEZ4X-BC64C-AK2LF6","TKH2SE-M7IF5-CFI7LT","","","","","","","",100.02000000,""
"TZXZTZ-G5EPW-DOR34T","OILJ4U-L6I5Q-KU2GSQ","USDG/USD","forex","2025-07-13 20:15:37.6353","sell","limit",1.00020000,14.13282600,0.00000000,14.13000,0.00000000,"","L2I6XW-ZVX7A-VGJ46V,LOLRK4-5MZ4E-KPRB2P","TKH2SE-M7IF5-CFI7LT","","","","","","","",14.13282600,""
"T76B35-TLF7C-PVW5IH","O5OFZO-4IIRU-XEQBZ3","USDG/USD","forex","2025-07-13 20:16:03.2142","buy","limit",1.00000000,14.02000000,0.00000000,14.02000,0.00000000,"","LYFZ7P-HFO6K-3IFBMM,LCV7RZ-DH563-WUGJCU","TKH2SE-M7IF5-CFI7LT","","","","","","","",14.02000000,""
"TNGJWD-IIETS-XX6TLX","OILJ4U-L6I5Q-KU2GSQ","USDG/USD","forex","2025-07-13 20:16:20.376","sell","limit",1.00020000,20.20404000,0.00000000,20.20000,0.00000000,"","L5YLLU-4VK7I-RAG332,LXNHCO-OITAW-E64GZZ","TKH2SE-M7IF5-CFI7LT","","","","","","","",20.20404000,""
"TGMMD2-OBC4U-TTG5KC","OILJ4U-L6I5Q-KU2GSQ","USDG/USD","forex","2025-07-13 20:16:24.1949","sell","limit",1.00020000,7.74000000,0.00000000,7.73845,0.00000000,"","LGRGNN-ELHIS-CMSSAG,LKULF2-7UEYZ-BPWIIY","TKH2SE-M7IF5-CFI7LT","","","","","","","",7.74000000,""
"TSVSPY-T4IBI-ZP5MVX","OILJ4U-L6I5Q-KU2GSQ","USDG/USD","forex","2025-07-13 20:16:40.2259","sell","limit",1.00020000,9.85000000,0.00000000,9.84803,0.00000000,"","LE35RI-34RQG-35ZEBL,LRTE7U-RM5SQ-PZB6VS","TKH2SE-M7IF5-CFI7LT","","","","","","","",9.85000000,""
"TZNOV2-XBYS5-WSCDYI","OILJ4U-L6I5Q-KU2GSQ","USDG/USD","forex","2025-07-13 20:17:10.6419","sell","limit",1.00020000,48.09313670,0.00000000,48.08352,0.00000000,"","LZ3EIS-DRJFG-P7Z2MK,LNBOEY-F6JVA-LLMOHV","TKH2SE-M7IF5-CFI7LT","","","","","","","",48.09313670,""
"TH3JL7-SGJ7I-MLQBJ6","O737PO-NE77Q-KPVLGE","USDG/USD","forex","2025-07-13 20:17:10.6419","sell","limit",1.00020000,100.02000000,0.00000000,100.00000,0.00000000,"","LWRQPG-KRWM7-UDGMX4,LS46JV-HGRYO-CJMN2A","TKH2SE-M7IF5-CFI7LT","","","","","","","",100.02000000,""
"TH2LG4-T3WQT-ZVLO7A","OGLUX3-O2X6H-D5GU24","USDG/USD","forex","2025-07-13 20:17:10.6419","sell","limit",1.00020000,100.02000000,0.00000000,100.00000,0.00000000,"","L3IG6V-WUAMH-S72PNZ,LYHYLB-QD3LH-MWEDAO","TKH2SE-M7IF5-CFI7LT","","","","","","","",100.02000000,""
"T7GFDX-64RM2-MAPIZ6","OII5UB-JBOKF-CIGMQW","USDG/USD","forex","2025-07-13 20:17:10.6419","sell","limit",1.00020000,100.02000000,0.00000000,100.00000,0.00000000,"","LWLHNF-M23GN-HOH4PJ,LZCHKQ-RUSQA-6ZXZTL","TKH2SE-M7IF5-CFI7LT","","","","","","","",100.02000000,""
"TXSD7N-GEWVN-JNPKEP","OBRH3C-P2MAC-4TFVOY","USDG/USD","forex","2025-07-13 20:17:10.6419","sell","limit",1.00020000,100.02000000,0.00000000,100.00000,0.00000000,"","LATT6B-HJ76B-CUNDYA,LXUFYV-J7PGN-QKUCAD","TKH2SE-M7IF5-CFI7LT","","","","","","","",100.02000000,""
"TW7ELP-L4C4U-R6PHB6","OBJUHS-36DWO-SPVXYU","USDG/USD","forex","2025-07-13 20:17:53.4122","buy","limit",1.00000000,100.00000000,0.00000000,100.00000,0.00000000,"","LFNYVL-D5YTE-3OK2KM,LI3HYP-QIKGX-K7O5BR","TKH2SE-M7IF5-CFI7LT","","","","","","","",100.00000000,""
"THG3SD-46FNK-FITTCZ","OMPOVJ-VURDA-PJMNG2","USDG/USD","forex","2025-07-13 20:18:04.5621","buy","limit",1.00000000,100.00000000,0.00000000,100.00000,0.00000000,"","LMK6UC-UECE7-AJSGRD,LLL2NF-QJYM5-SZONOK","TKH2SE-M7IF5-CFI7LT","","","","","","","",100.00000000,""
"TCIOCH-GEDSK-5RTFTU","OGXGZY-SZ5F5-ARO7V6","USDG/USD","forex","2025-07-13 20:18:53.4283","buy","limit",1.00000000,50.00000000,0.00000000,50.00000,0.00000000,"","LJFPKI-7G46X-M336QE,L6AZMY-EMDA5-OXY35P","TKH2SE-M7IF5-CFI7LT","","","","","","","",50.00000000,""
"TXZEM3-E52OA-6TL2QN","OGXGZY-SZ5F5-ARO7V6","USDG/USD","forex","2025-07-13 20:19:39.0337","buy","limit",1.00000000,50.00000000,0.00000000,50.00000,0.00000000,"","LDX7QF-IU7BR-4ZWZXX,LGZHEA-NIIRC-VUSKVW","TKH2SE-M7IF5-CFI7LT","","","","","","","",50.00000000,""
"TVHX3F-PNSX6-VPNTJZ","OXEFOY-TNGMC-HDRS7S","USDG/USD","forex","2025-07-13 20:21:37.0072","buy","limit",1.00000000,100.00000000,0.00000000,100.00000,0.00000000,"","LS2467-FJRS7-BCGZSS,LGOTQN-IRWS7-BJZYV7","TKH2SE-M7IF5-CFI7LT","","","","","","","",100.00000000,""
"T4GKY4-MILMF-3MMH7H","O2WL3F-FRQD7-4OXJTE","USDG/USD","forex","2025-07-13 20:22:02.3934","sell","limit",1.00020000,100.02000000,0.00000000,100.00000,0.00000000,"","LRTKTF-GDUOR-2N2476,LVRRG4-3GSPN-VGKGZY","TKH2SE-M7IF5-CFI7LT","","","","","","","",100.02000000,""
"T3OC6L-B2FXI-CTKO7X","OSKGWX-OZ36O-WFBLDS","USDG/USD","forex","2025-07-13 20:22:02.3934","sell","limit",1.00020000,5.16103200,0.00000000,5.16000,0.00000000,"","LUXPTQ-B5X6D-T7LQNU,L2NHSY-WBXVL-FYFHBF","TKH2SE-M7IF5-CFI7LT","","","","","","","",5.16103200,""
"T45TUZ-YBWDJ-77IY6Q","OSKGWX-OZ36O-WFBLDS","USDG/USD","forex","2025-07-13 20:22:16.8989","sell","limit",1.00020000,94.85896800,0.00000000,94.84000,0.00000000,"","LEYHLP-MVAKL-QVBW6Z,LJRKJX-UTCEL-65JZAJ","TKH2SE-M7IF5-CFI7LT","","","","","","","",94.85896800,""
"T32E7Y-7JVST-YLON7U","O3Q3VA-TIN4Z-7Z2ZND","USDG/USD","forex","2025-07-13 20:22:16.8989","sell","limit",1.00020000,20.66413200,0.00000000,20.66000,0.00000000,"","LWYRIV-A4KGM-5AJDRV,LOKUMV-4QG6X-GUXEN5","TKH2SE-M7IF5-CFI7LT","","","","","","","",20.66413200,""
"TLJTA3-7LGCP-4OXOV4","O3Q3VA-TIN4Z-7Z2ZND","USDG/USD","forex","2025-07-13 20:22:36.2273","sell","limit",1.00020000,79.35586800,0.00000000,79.34000,0.00000000,"","LVLG2X-KUN4F-542LBQ,LEA52A-HDFUQ-BNJTXS","TKH2SE-M7IF5-CFI7LT","","","","","","","",79.35586800,""
"TC3ZI6-OR4FY-56LL2O","OWZL7H-MANTF-ROEQTF","USDG/USD","forex","2025-07-13 20:22:36.2273","sell","limit",1.00020000,100.02000000,0.00000000,100.00000,0.00000000,"","L4IDWE-ZNKWM-ALR5QP,LWTMS2-F6RB6-U6J3FH","TKH2SE-M7IF5-CFI7LT","","","","","","","",100.02000000,""
"TWPFXP-WR4CC-7A5PP5","OFENMA-YGA3U-ZSPO4K","USDG/USD","forex","2025-07-13 20:26:14.7067","buy","limit",1.00000000,200.00000000,0.00000000,200.00000,0.00000000,"","LHQSEI-LXX6A-CU76DW,L5PCI4-4SDX2-P2VW4Z","TKH2SE-M7IF5-CFI7LT","","","","","","","",200.00000000,""
"T3KGIN-6V3X7-IGVDFU","O4UZXJ-5YQQL-DY5OLE","USDG/USD","forex","2025-07-13 20:28:20.1491","buy","limit",1.00000000,100.00000000,0.00000000,100.00000,0.00000000,"","LKSQUU-JHH3K-4NEZZ3,LH5OLT-JMXIN-OBNNOR","TKH2SE-M7IF5-CFI7LT","","","","","","","",100.00000000,""
"TYEO53-HW4YL-CDN3NJ","OE766P-GRWDG-54TK72","USDG/USD","forex","2025-07-13 20:28:48.9647","sell","limit",1.00020000,13.77275400,0.00000000,13.77000,0.00000000,"","L3HR3V-CI7TT-7GXWEC,LI7N7L-MQHZK-XAOMBA","TKH2SE-M7IF5-CFI7LT","","","","","","","",13.77275400,""
"TALPM4-D7FL3-RLZYCD","OE766P-GRWDG-54TK72","USDG/USD","forex","2025-07-13 20:30:43.7639","sell","limit",1.00020000,7.50150000,0.00000000,7.50000,0.00000000,"","LUJVAP-AS2UT-3ZKUA4,LZG6KD-L4HLH-VUGQ4O","TKH2SE-M7IF5-CFI7LT","","","","","","","",7.50150000,""
"T4GWWG-YCMVX-5XYJXK","OLHHAI-ZYRKX-NJWPHV","USDG/USD","forex","2025-07-13 20:31:39.5064","buy","limit",1.00000000,100.00000000,0.00000000,100.00000,0.00000000,"","LU4V5T-7RVEQ-XKXKKZ,LWTKN3-EZNDO-TTX2KS","TKH2SE-M7IF5-CFI7LT","","","","","","","",100.00000000,""
"TQJIKR-QOWKG-IZSKS3","OA7BVZ-A55FN-RXEUV6","USDG/USD","forex","2025-07-13 20:32:35.48","buy","limit",1.00000000,27.02000000,0.00000000,27.02000,0.00000000,"","L7Z32Z-6R36X-VYR3KT,LBJZHF-ONQDW-TOTEE4","TKH2SE-M7IF5-CFI7LT","","","","","","","",27.02000000,""
"TNO26W-POPPN-MGXV3B","OA7BVZ-A55FN-RXEUV6","USDG/USD","forex","2025-07-13 20:34:11.846","buy","limit",1.00000000,1.00000000,0.00000000,1.00000,0.00000000,"","LBGLS6-4XGBC-H574CA,LQRPJA-4ODP2-6JC2BA","TKH2SE-M7IF5-CFI7LT","","","","","","","",1.00000000,""
"TS55G3-K65HU-VX42W6","OA7BVZ-A55FN-RXEUV6","USDG/USD","forex","2025-07-13 20:34:44.4643","buy","limit",1.00000000,2.97000000,0.00000000,2.97000,0.00000000,"","LHHFQE-KNK5Y-YQ25CY,LKJWBY-H7EWD-BZXUQN","TKH2SE-M7IF5-CFI7LT","","","","","","","",2.97000000,""
"TQM3UV-7XGTH-WGY2AX","OA7BVZ-A55FN-RXEUV6","USDG/USD","forex","2025-07-13 20:34:52.8983","buy","limit",1.00000000,1.00000000,0.00000000,1.00000,0.00000000,"","LXJ6PM-N5SWI-ELSPUY,LGXG57-A5FMS-ZYRSDI","TKH2SE-M7IF5-CFI7LT","","","","","","","",1.00000000,""
"TXWJCR-7EV7K-7IBHXU","OE766P-GRWDG-54TK72","USDG/USD","forex","2025-07-13 20:35:11.6943","sell","limit",1.00020000,78.74574600,0.00000000,78.73000,0.00000000,"","LGAI57-OYZR2-6KPKZQ,LKN4NA-N62GU-APF6A7","TKH2SE-M7IF5-CFI7LT","","","","","","","",78.74574600,""
"TAXN7N-WI347-E5ISDM","OFJZ5W-ADGDO-Y2UMBD","USDG/USD","forex","2025-07-13 20:35:11.6943","sell","limit",1.00020000,100.02000000,0.00000000,100.00000,0.00000000,"","LGEJ4H-6T6QF-3YK6G6,LO25YZ-APYAX-5S4D6G","TKH2SE-M7IF5-CFI7LT","","","","","","","",100.02000000,""
"T5AEQS-GEROD-N4Q75D","OHLI27-T4SNY-CPL6B3","USDG/USD","forex","2025-07-13 20:35:11.6943","sell","limit",1.00020000,100.02000000,0.00000000,100.00000,0.00000000,"","LTECVF-YZYRK-X4SLKU,LGIGZ3-2MTML-PKSMEY","TKH2SE-M7IF5-CFI7LT","","","","","","","",100.02000000,""
"TNBZNT-Y7Y2M-VHUDSG","OA7BVZ-A55FN-RXEUV6","USDG/USD","forex","2025-07-13 20:35:46.5325","buy","limit",1.00000000,2.00000000,0.00000000,2.00000,0.00000000,"","LW6UOX-J2KBW-6PGEE5,LHKVTX-7MHBP-KLAIPM","TKH2SE-M7IF5-CFI7LT","","","","","","","",2.00000000,""
"TVQ3QJ-R4FY5-D6BMSX","OA7BVZ-A55FN-RXEUV6","USDG/USD","forex","2025-07-13 20:36:29.674","buy","limit",1.00000000,2.00000000,0.00000000,2.00000,0.00000000,"","L64ZVH-ENIB7-HPD7NP,LNFNML-RBGO5-NZJRTA","TKH2SE-M7IF5-CFI7LT","","","","","","","",2.00000000,""
"TV73TQ-3ZTVY-RMQI6L","OA7BVZ-A55FN-RXEUV6","USDG/USD","forex","2025-07-13 20:36:50.2504","buy","limit",1.00000000,1.00000000,0.00000000,1.00000,0.00000000,"","LCPEQF-7EHD7-NSLWEN,LSCPCJ-MNSEK-ONHSJO","TKH2SE-M7IF5-CFI7LT","","","","","","","",1.00000000,""
"TONIE6-MGSRX-4CGNZU","OA7BVZ-A55FN-RXEUV6","USDG/USD","forex","2025-07-13 20:36:59.2834","buy","limit",1.00000000,4.95000000,0.00000000,4.95000,0.00000000,"","LV4543-V4QIQ-M742UN,L2FXTU-MAVGW-KYMUM6","TKH2SE-M7IF5-CFI7LT","","","","","","","",4.95000000,""
"T3XSAK-5F6FR-ID4RY2","OA7BVZ-A55FN-RXEUV6","USDG/USD","forex","2025-07-13 20:37:43.8934","buy","limit",1.00000000,5.11000000,0.00000000,5.11000,0.00000000,"","LMNTTC-YBTIR-ABCRUA,LMTCBA-ZDZPC-MBX6CI","TKH2SE-M7IF5-CFI7LT","","","","","","","",5.11000000,""
"TD72J5-UL66A-HDNPXY","OA7BVZ-A55FN-RXEUV6","USDG/USD","forex","2025-07-13 20:37:59.2316","buy","limit",1.00000000,1.98000000,0.00000000,1.98000,0.00000000,"","LMK6U2-I3QVI-RV2FMT,LQ22KT-YBROG-GO2ARG","TKH2SE-M7IF5-CFI7LT","","","","","","","",1.98000000,""
"TKS5OG-PKFLB-KOLOB4","OA7BVZ-A55FN-RXEUV6","USDG/USD","forex","2025-07-13 20:38:26.0047","buy","limit",1.00000000,1.97000000,0.00000000,1.97000,0.00000000,"","LP3JYT-AFCEI-5BXGW6,LIG5AD-6ZR3F-5U6SVD","TKH2SE-M7IF5-CFI7LT","","","","","","","",1.97000000,""
"TZCURY-45JIV-DHOMJE","OA7BVZ-A55FN-RXEUV6","USDG/USD","forex","2025-07-13 20:38:36.5958","buy","limit",1.00000000,49.00000000,0.00000000,49.00000,0.00000000,"","LWRJIJ-ATVTL-OSOJ7P,LGJSRH-RZAMV-TUZJED","TKH2SE-M7IF5-CFI7LT","","","","","","","",49.00000000,""
"TVOT2U-6STWN-P3LDV7","OWPEDW-TQIDD-HSXU7E","USDG/USD","forex","2025-07-13 20:44:02.1955","sell","limit",1.00020000,147.02940000,0.00000000,147.00000,0.00000000,"","LQEIOD-5B7CX-DYCI4J,LPMMKT-AX7PA-RJVSCH","TKH2SE-M7IF5-CFI7LT","","","","","","","",147.02940000,""
"TJXKVO-R6BJN-NR6JLK","OCQX4N-O5NRR-Z6R3SZ","USDG/USD","forex","2025-07-13 21:00:19.3218","buy","limit",1.00000000,487.09768000,0.00000000,487.09768,0.00000000,"","LBFSQK-S4C7H-S3DGNN,LOLNMO-EZTT2-R54FNO","TKH2SE-M7IF5-CFI7LT","","","","","","","",487.09768000,""
"TYXKUE-M33OT-XQEGNW","OCQX4N-O5NRR-Z6R3SZ","USDG/USD","forex","2025-07-13 21:01:00.0774","buy","limit",1.00000000,11.11000000,0.00000000,11.11000,0.00000000,"","L2VNHG-XW2X6-LTCDEF,LW6EMF-AS6CA-DRLOLV","TKH2SE-M7IF5-CFI7LT","","","","","","","",11.11000000,""
"T5K3Y7-2EF2V-U5JOEP","OCQX4N-O5NRR-Z6R3SZ","USDG/USD","forex","2025-07-13 21:01:00.0883","buy","limit",1.00000000,11.11000000,0.00000000,11.11000,0.00000000,"","LJVBYF-LZ3C7-MXUWC7,L7CMTS-GV2YF-36ZTM4","TKH2SE-M7IF5-CFI7LT","","","","","","","",11.11000000,""
"TP7CAV-4NZPR-SLYPCV","OCQX4N-O5NRR-Z6R3SZ","USDG/USD","forex","2025-07-13 21:01:50.8532","buy","limit",1.00000000,50.00000000,0.00000000,50.00000,0.00000000,"","LYEQN5-HOWVT-WCVCKO,L34G3Q-VS5XD-SQAG4S","TKH2SE-M7IF5-CFI7LT","","","","","","","",50.00000000,""
"TJ3EP5-RZUXP-CQBWDD","OCQX4N-O5NRR-Z6R3SZ","USDG/USD","forex","2025-07-13 21:02:33.6226","buy","limit",1.00000000,40.68232000,0.00000000,40.68232,0.00000000,"","LFZ7WU-AFE74-EDDNX6,LR7EZL-YJOQQ-SXQ6RB","TKH2SE-M7IF5-CFI7LT","","","","","","","",40.68232000,""
"TUT5WH-4GAEN-2YMAG7","OV2MM6-F22H2-3IIN4A","USDG/USD","forex","2025-07-13 21:02:59.0411","buy","limit",1.00000000,5.00000000,0.00000000,5.00000,0.00000000,"","LUDFL5-IIFVQ-LTRSKI,LFYDC5-LM2ZZ-WMACES","TKH2SE-M7IF5-CFI7LT","","","","","","","",5.00000000,""
"THA4Q5-4WO3E-CQRDIA","OV2MM6-F22H2-3IIN4A","USDG/USD","forex","2025-07-13 21:03:05.85","buy","limit",1.00000000,30.00000000,0.00000000,30.00000,0.00000000,"","LG5C2I-S54YU-CJCMPP,LOOSII-RZBS5-GIGJ2G","TKH2SE-M7IF5-CFI7LT","","","","","","","",30.00000000,""
"TBXD52-VDQWS-GVLRVF","OBYVAQ-PLGEH-S2FJEX","USDG/USD","forex","2025-07-13 21:03:21.5254","sell","limit",1.00020000,100.02000000,0.00000000,100.00000,0.00000000,"","LVKXSX-5GA2U-DECZK3,LPM7UH-HWB77-2DVPGH","TKH2SE-M7IF5-CFI7LT","","","","","","","",100.02000000,""
"T5PGOQ-NQS22-KO22VD","OV2MM6-F22H2-3IIN4A","USDG/USD","forex","2025-07-13 21:04:06.2794","buy","limit",1.00000000,2.46000000,0.00000000,2.46000,0.00000000,"","L5LGLA-YDY7Y-EIXPA3,LZP5BV-YS7TJ-D2BSBJ","TKH2SE-M7IF5-CFI7LT","","","","","","","",2.46000000,""
"TILXVC-455PM-AIWKXE","OV2MM6-F22H2-3IIN4A","USDG/USD","forex","2025-07-13 21:04:20.041","buy","limit",1.00000000,5.00000000,0.00000000,5.00000,0.00000000,"","LJAW7Z-JRYMV-TJ2FPH,LIFTK7-ZDAK7-IEGVQ2","TKH2SE-M7IF5-CFI7LT","","","","","","","",5.00000000,""
"TOBYSW-OQHKC-73HCIL","OV2MM6-F22H2-3IIN4A","USDG/USD","forex","2025-07-13 21:04:45.4173","buy","limit",1.00000000,25.25000000,0.00000000,25.25000,0.00000000,"","LXA6V4-SOUFT-HI3Z75,LLDOAV-HCRH3-JLX5S7","TKH2SE-M7IF5-CFI7LT","","","","","","","",25.25000000,""
"TPZ5O4-QNPEK-FUZNG5","OV2MM6-F22H2-3IIN4A","USDG/USD","forex","2025-07-13 21:04:49.5249","buy","limit",1.00000000,32.29000000,0.00000000,32.29000,0.00000000,"","LOWHAN-S55JM-KE5OCF,LMSAUU-KONJJ-CEDWXX","TKH2SE-M7IF5-CFI7LT","","","","","","","",32.29000000,""
"TSEI23-DRX67-772LV7","OOTVY3-MHBUG-77YK2V","USDG/USD","forex","2025-07-13 21:07:17.6029","buy","limit",1.00000000,100.00000000,0.00000000,100.00000,0.00000000,"","LFPCOY-6A2SG-MCXPKX,LN2HFP-HBQSX-ZHK5VZ","TKH2SE-M7IF5-CFI7LT","","","","","","","",100.00000000,""
"TOT5VZ-JN5WX-RUBXYY","OOHH3T-6FTPY-FSZNXN","USDG/USD","forex","2025-07-13 21:07:56.7075","buy","limit",1.00000000,5.49000000,0.00000000,5.49000,0.00000000,"","LAVBCB-7BNTU-LSFZI3,LVYUOR-63AE4-JNIA4E","TKH2SE-M7IF5-CFI7LT","","","","","","","",5.49000000,""
"TPZFVE-XA7QM-BUNFZ6","OOHH3T-6FTPY-FSZNXN","USDG/USD","forex","2025-07-13 21:08:11.0537","buy","limit",1.00000000,3.00000000,0.00000000,3.00000,0.00000000,"","L2H5NR-G3765-OYVK4K,LCYQKP-4B3IP-46OXKN","TKH2SE-M7IF5-CFI7LT","","","","","","","",3.00000000,""
"TN65LC-KXVMZ-PRHK2B","OOHH3T-6FTPY-FSZNXN","USDG/USD","forex","2025-07-13 21:08:26.04","buy","limit",1.00000000,3.00000000,0.00000000,3.00000,0.00000000,"","L5TVPF-4HZOL-3JALVG,LPXJ5A-WKPMX-F5OM6I","TKH2SE-M7IF5-CFI7LT","","","","","","","",3.00000000,""
"TP5AS5-6B3U4-Q7EXYH","OLQGAZ-VUNW3-ANEU5O","USDG/USD","forex","2025-07-13 21:08:43.988","sell","limit",1.00020000,100.02000000,0.00000000,100.00000,0.00000000,"","LHFTHG-CXB2E-VRPVZ2,LA44ZO-YLR53-YCYGJG","TKH2SE-M7IF5-CFI7LT","","","","","","","",100.02000000,""
"TMXJ7R-CBTKL-EJHMF2","ONGAPG-G6URB-AR3QAD","USDG/USD","forex","2025-07-13 21:08:43.988","sell","limit",1.00020000,100.02000000,0.00000000,100.00000,0.00000000,"","LXXF66-7BAVE-TDMKDH,LSQWL6-3VMH6-LPR3RY","TKH2SE-M7IF5-CFI7LT","","","","","","","",100.02000000,""
"TUYPS7-I5SFW-ALPKJD","OOHH3T-6FTPY-FSZNXN","USDG/USD","forex","2025-07-13 21:10:17.1575","buy","limit",1.00000000,73.45000000,0.00000000,73.45000,0.00000000,"","LQ4O7Y-HQ7U5-YLRK3P,L4CENK-V6KGH-KPZIXI","TKH2SE-M7IF5-CFI7LT","","","","","","","",73.45000000,""
"TJGXKV-ES5OX-3AFEEC","OOHH3T-6FTPY-FSZNXN","USDG/USD","forex","2025-07-13 21:10:51.2745","buy","limit",1.00000000,15.06000000,0.00000000,15.06000,0.00000000,"","L5GR2H-H7NKF-I6KVRT,LNZNHG-G2BES-IQQGKF","TKH2SE-M7IF5-CFI7LT","","","","","","","",15.06000000,""
"TO5UOD-YG3ND-5NTYUB","OOQJRB-UNMNL-XEDBPI","USDG/USD","forex","2025-07-13 21:13:05.4105","buy","limit",1.00000000,100.00000000,0.00000000,100.00000,0.00000000,"","LKAQ3T-2UNCN-A3INOQ,L5XUZK-5NXES-H7K2JS","TKH2SE-M7IF5-CFI7LT","","","","","","","",100.00000000,""
